"method","HighDim20","HighDim50","Imbalanced","LeadLag","Phase","Phase_nowarp","Setting1","Setting2","Setting2_async","Setting2a","Setting2b","Setting3","Setting4","Setting5","Setting5_async","Setting6","Setting6_async","Shape","Shape_async","Shape_noise","SharedWarp","SyncBreak","Thyroid_like","OVERALL"
"SFKmL-C + kNN",0.985,0.977222222222222,0.975,1,0.960555555555555,0.999444444444444,0.994444444444444,0.978888888888889,0.839444444444444,0.981666666666667,0.938333333333333,0.981111111111111,0.807777777777778,0.976666666666667,0.842777777777778,0.981111111111111,0.857777777777778,0.974444444444444,0.920555555555555,0.986666666666667,0.535,0.4775,0.731666666666667,0.900132850241546
"SFKmL-C + SVM",0.976111111111111,0.981111111111111,0.973888888888889,1,0.952777777777778,0.998888888888889,0.996111111111111,0.975555555555556,0.832222222222222,0.974444444444444,0.941111111111111,0.980555555555555,0.856666666666667,0.975555555555555,0.847222222222222,0.977777777777778,0.864444444444444,0.974444444444444,0.892777777777778,0.97,0.511666666666667,0.4675,0.668888888888889,0.895205314009662
"SFKmL-C(dense) + SVM",0.948333333333333,0.905,0.972777777777778,1,0.935555555555555,1,0.990555555555556,0.982777777777778,0.88,0.974444444444444,0.961666666666667,0.986111111111111,0.928333333333333,0.967222222222222,0.866666666666667,0.97,0.870555555555555,0.973333333333333,0.886111111111111,0.953333333333333,0.5,0.461666666666667,0.635,0.893454106280193
"SFKmL-C + kFDA",0.975,0.973888888888889,0.975555555555555,0.999166666666667,0.895,0.995,0.98,0.981111111111111,0.787777777777778,0.978333333333333,0.937777777777778,0.979444444444444,0.882222222222222,0.975555555555555,0.812777777777778,0.978333333333333,0.832777777777778,0.956111111111111,0.874444444444444,0.966666666666667,0.503333333333333,0.510833333333333,0.677777777777778,0.888212560386473
"SFKmL-C(dense) + kNN",0.895555555555555,0.781666666666667,0.945,0.9975,0.897222222222222,0.987777777777778,0.988888888888889,0.981111111111111,0.869444444444444,0.969444444444444,0.954444444444444,0.978333333333333,0.918333333333333,0.951111111111111,0.815,0.934444444444444,0.782777777777778,0.979444444444444,0.827777777777778,0.926666666666667,0.6075,0.575,0.651666666666667,0.878961352657005
"DistSpace-Frechet",0.976111111111111,0.976111111111111,0.972222222222222,1,0.861111111111111,0.984444444444444,0.98,0.978888888888889,0.836666666666667,0.979444444444444,0.938333333333333,0.981111111111111,0.689444444444445,0.977222222222222,0.861111111111111,0.98,0.870555555555555,0.893888888888889,0.808333333333333,0.880555555555555,0.494166666666667,0.5125,0.6,0.870966183574879
"Euclid + kFDA",0.831111111111111,0.787777777777778,0.937222222222222,0.991666666666667,0.472222222222222,1,0.996111111111111,0.986666666666667,0.882222222222222,0.985,0.956111111111111,0.978333333333333,0.95,0.941111111111111,0.828333333333333,0.882777777777778,0.845,0.952777777777778,0.793888888888889,0.79,0.745833333333333,0.649166666666667,0.653888888888889,0.862487922705314
"SFKmL-C(gap) + medoid",0.951666666666667,0.931111111111111,0.961111111111111,1,0.877222222222222,0.992222222222222,0.979444444444444,0.952222222222222,0.836111111111111,0.941111111111111,0.937222222222222,0.950555555555555,0.677222222222222,0.953333333333333,0.831666666666667,0.955,0.821666666666667,0.908888888888889,0.836666666666667,0.896666666666667,0.526666666666667,0.486666666666667,0.626111111111111,0.86219806763285
"SFKmL-C + medoid",0.957777777777778,0.954444444444444,0.966111111111111,1,0.869444444444444,0.991666666666667,0.986111111111111,0.941666666666667,0.803888888888889,0.948888888888889,0.907777777777778,0.951111111111111,0.705555555555556,0.948333333333333,0.83,0.953333333333333,0.827777777777778,0.900555555555555,0.82,0.896666666666667,0.540833333333333,0.488333333333333,0.611111111111111,0.860929951690821
"SFKmL-C(gaplab) + medoid",0.950555555555555,0.931111111111111,0.958333333333333,1,0.877777777777778,0.992222222222222,0.984444444444444,0.952777777777778,0.826666666666667,0.945,0.936111111111111,0.946111111111111,0.652777777777778,0.954444444444444,0.831111111111111,0.953333333333333,0.822777777777778,0.905,0.834444444444444,0.896666666666667,0.525,0.485,0.626666666666667,0.86036231884058
"MFPCA-SVM",0.837222222222222,0.775555555555556,0.877777777777778,0.994166666666667,0.682777777777778,1,0.913888888888889,0.954444444444444,0.878888888888889,0.943888888888889,0.923888888888889,0.887222222222222,0.661111111111111,0.89,0.799444444444444,0.865,0.835,0.959444444444444,0.828333333333333,0.883333333333333,0.753333333333333,0.720833333333333,0.662777777777778,0.849057971014493
"SFKmL-C + mean",0.946666666666666,0.941111111111111,0.949444444444444,1,0.775,0.991666666666667,0.987222222222222,0.936666666666667,0.804444444444444,0.935555555555555,0.908888888888889,0.945555555555555,0.679444444444445,0.94,0.799444444444444,0.948888888888889,0.821666666666667,0.88,0.812777777777778,0.876666666666666,0.5075,0.486666666666667,0.596666666666667,0.846606280193237
"SFKmL-C(dense) + kFDA",0.886666666666666,0.920555555555555,0.933333333333333,1,0.794444444444444,0.978333333333333,0.972777777777778,0.976666666666667,0.841666666666667,0.971111111111111,0.946666666666666,0.975,0.921666666666667,0.893888888888889,0.681111111111111,0.893888888888889,0.652222222222222,0.96,0.691666666666667,0.849444444444444,0.554166666666667,0.503333333333333,0.55,0.841243961352657
"DistSpace-bagdist",0.767777777777778,0.739444444444444,0.778888888888889,0.999166666666667,0.713333333333333,1,0.968888888888889,0.929444444444444,0.837777777777778,0.918888888888889,0.898333333333333,0.841111111111111,0.698333333333333,0.844444444444444,0.786111111111111,0.806666666666667,0.786111111111111,0.969444444444444,0.801111111111111,0.887222222222222,0.921666666666667,0.808333333333333,0.631666666666667,0.840615942028985
"SFKmL-C(dense) + mean",0.825555555555555,0.734444444444444,0.943888888888889,0.995833333333333,0.696111111111111,0.962222222222222,0.968888888888889,0.931666666666666,0.852222222222222,0.859444444444444,0.922222222222222,0.942222222222222,0.727777777777778,0.900555555555555,0.806666666666667,0.883888888888889,0.797222222222222,0.887222222222222,0.778888888888889,0.841666666666667,0.483333333333333,0.4775,0.569444444444445,0.816908212560386
"DTW + SVM",0.825,0.779444444444444,0.892777777777778,1,0.806111111111111,0.999444444444444,0.998888888888889,0.916111111111111,0.796111111111111,0.893333333333333,0.898888888888889,0.928333333333333,0.756111111111111,0.876666666666666,0.502222222222222,0.855,0.485,0.970555555555555,0.437777777777778,0.9,0.7825,0.816666666666667,0.468888888888889,0.808079710144927
"Euclid + SVM",0.818333333333333,0.784444444444444,0.863333333333333,0.983333333333333,0.402222222222222,1,0.985,0.925,0.862777777777778,0.898333333333333,0.908333333333333,0.879444444444444,0.602777777777778,0.83,0.803888888888889,0.833333333333333,0.836111111111111,0.89,0.816111111111111,0.821666666666667,0.596666666666667,0.511666666666667,0.649444444444444,0.804444444444444
"MFPLS-DA",0.812222222222222,0.771111111111111,0.902222222222222,0.988333333333333,0.395555555555555,1,0.982222222222222,0.943888888888889,0.864444444444444,0.946666666666666,0.920555555555555,0.923888888888889,0.771111111111111,0.863333333333333,0.782222222222222,0.851666666666667,0.820555555555555,0.861111111111111,0.723888888888889,0.756666666666667,0.52,0.490833333333333,0.584444444444445,0.803345410628019
"1NN-Euclid",0.715,0.671111111111111,0.807777777777778,0.998333333333333,0.722222222222222,0.993888888888889,0.939444444444444,0.866666666666667,0.803333333333333,0.851111111111111,0.832777777777778,0.819444444444444,0.653333333333333,0.750555555555556,0.706666666666667,0.759444444444444,0.751666666666667,0.938888888888889,0.766111111111111,0.792777777777778,0.775,0.729166666666667,0.595555555555556,0.793055555555556
"Euclid + kNN",0.715555555555556,0.675555555555556,0.796111111111111,0.998333333333333,0.716666666666667,0.996111111111111,0.935,0.854444444444444,0.789444444444444,0.845,0.825,0.811666666666667,0.639444444444444,0.736111111111111,0.698888888888889,0.745555555555556,0.741111111111111,0.932222222222222,0.789444444444444,0.816111111111111,0.763333333333333,0.7275,0.613333333333333,0.789649758454106
"SFKmL-C(dense) + medoid",0.712222222222222,0.580555555555556,0.906666666666667,0.980833333333333,0.722777777777778,0.878333333333333,0.956666666666666,0.948333333333333,0.826666666666667,0.896111111111111,0.942777777777778,0.954444444444444,0.781666666666667,0.875,0.757777777777778,0.814444444444444,0.675555555555556,0.908333333333333,0.704444444444445,0.766111111111111,0.514166666666667,0.4675,0.542222222222222,0.787548309178744
"MFPCA-LDA",0.801111111111111,0.785555555555556,0.858333333333333,0.981666666666667,0.437222222222222,1,0.985,0.883333333333333,0.865,0.846666666666667,0.875555555555555,0.825,0.574444444444444,0.835,0.775555555555556,0.813888888888889,0.823333333333333,0.848888888888889,0.783888888888889,0.831111111111111,0.531666666666667,0.5,0.642777777777778,0.787173913043478
"DTW + kFDA",0.835555555555555,0.786666666666667,0.833333333333333,1,0.712222222222222,1,0.976111111111111,0.954444444444444,0.68,0.95,0.901666666666667,0.908888888888889,0.908888888888889,0.802222222222222,0.478888888888889,0.809444444444444,0.477777777777778,0.973333333333333,0.405555555555556,0.771111111111111,0.79,0.671666666666667,0.402222222222222,0.783913043478261
"DTW + kNN",0.711666666666667,0.67,0.82,1,0.813333333333333,0.974444444444444,0.997222222222222,0.92,0.725555555555556,0.895555555555555,0.893333333333333,0.871666666666667,0.774444444444444,0.795,0.451666666666667,0.762222222222222,0.461666666666667,0.973333333333333,0.390555555555555,0.863333333333333,0.858333333333333,0.824166666666667,0.430555555555556,0.777306763285024
"1NN-DTW",0.716666666666667,0.666666666666667,0.836111111111111,1,0.787777777777778,0.936111111111111,0.997222222222222,0.927777777777778,0.731111111111111,0.902777777777778,0.901666666666667,0.876111111111111,0.790555555555556,0.782777777777778,0.443888888888889,0.786666666666667,0.453888888888889,0.976666666666667,0.392222222222222,0.846666666666667,0.853333333333333,0.805,0.412777777777778,0.774975845410628
"MFKmL-C + SVM",0.806666666666667,0.705,0.862777777777778,0.999166666666667,0.598888888888889,0.778333333333333,0.937222222222222,0.953333333333333,0.712777777777778,0.946111111111111,0.928888888888889,0.940555555555555,0.693888888888889,0.827222222222222,0.485,0.868888888888889,0.466111111111111,0.979444444444444,0.422777777777778,0.714444444444444,0.814166666666667,0.718333333333333,0.440555555555556,0.76524154589372
"MFKmL-C + kNN",0.658888888888889,0.576666666666667,0.813333333333333,1,0.641666666666667,0.776666666666667,0.975,0.961111111111111,0.713888888888889,0.950555555555555,0.925,0.868333333333333,0.82,0.727777777777778,0.454444444444444,0.7,0.461111111111111,0.980555555555556,0.438888888888889,0.736666666666667,0.8475,0.7675,0.431111111111111,0.748985507246377
"Euclid + centroid",0.792222222222222,0.789444444444444,0.81,0.936666666666667,0.424444444444444,0.999444444444444,0.940555555555555,0.72,0.732777777777778,0.678888888888889,0.717222222222222,0.803333333333333,0.470555555555556,0.723888888888889,0.727222222222222,0.796666666666667,0.805555555555555,0.796111111111111,0.767777777777778,0.785555555555556,0.503333333333333,0.490833333333333,0.618888888888889,0.731799516908213
"KmL3d-C (NC-Euclid)",0.792222222222222,0.789444444444444,0.81,0.936666666666667,0.424444444444444,0.999444444444444,0.940555555555555,0.72,0.732777777777778,0.678888888888889,0.717222222222222,0.803333333333333,0.470555555555556,0.723888888888889,0.727222222222222,0.796666666666667,0.805555555555555,0.796111111111111,0.767777777777778,0.785555555555556,0.503333333333333,0.490833333333333,0.618888888888889,0.731799516908213
"MFKmL-C + mean",0.743888888888889,0.665,0.796666666666667,0.9875,0.533333333333333,0.582222222222222,0.915555555555555,0.851666666666667,0.678888888888889,0.838333333333333,0.837777777777778,0.901111111111111,0.552777777777778,0.793333333333333,0.490555555555556,0.802222222222222,0.470555555555556,0.908333333333333,0.442222222222222,0.643888888888889,0.694166666666667,0.669166666666667,0.447777777777778,0.706388888888889
"MFKmL-C + kFDA",0.566111111111111,0.533333333333333,0.785,0.946666666666667,0.462777777777778,0.572777777777778,0.931111111111111,0.968888888888889,0.693888888888889,0.957777777777778,0.927777777777778,0.937777777777778,0.844444444444444,0.77,0.417222222222222,0.669444444444445,0.473333333333333,0.967222222222222,0.387777777777778,0.550555555555556,0.790833333333333,0.5575,0.382222222222222,0.69975845410628
"DTW + medoid",0.636666666666667,0.578888888888889,0.782777777777778,1,0.556666666666667,0.791666666666667,0.972222222222222,0.753333333333333,0.662222222222222,0.704444444444444,0.749444444444444,0.721666666666667,0.572222222222222,0.663333333333333,0.393888888888889,0.672777777777778,0.400555555555555,0.893333333333333,0.367222222222222,0.752777777777778,0.599166666666667,0.596666666666667,0.426666666666667,0.66298309178744
"Subspace",0.655,0.584444444444445,0.421666666666667,0.990833333333333,0.725555555555556,0.976666666666667,0.909444444444444,0.55,0.534444444444444,0.556111111111111,0.523888888888889,0.726666666666667,0.617222222222222,0.545555555555556,0.538888888888889,0.652222222222222,0.614444444444445,0.848333333333333,0.530555555555556,0.598888888888889,0.931666666666667,0.735,0.451111111111111,0.661678743961353
"DD-classifier",0.651666666666667,0.608333333333334,0.737777777777778,0.904166666666667,0.371666666666667,0.817222222222222,0.975555555555555,0.657777777777778,0.670555555555556,0.573333333333333,0.652222222222222,0.696111111111111,0.510555555555556,0.635555555555556,0.64,0.681111111111111,0.689444444444445,0.708333333333333,0.674444444444445,0.702777777777778,0.484166666666667,0.4975,0.581111111111111,0.657451690821256
"1NN-DDTW",0.523888888888889,0.45,0.706666666666667,0.9625,0.551666666666667,0.761111111111111,0.885,0.858333333333333,0.572777777777778,0.860555555555555,0.805555555555556,0.766666666666667,0.572777777777778,0.556111111111111,0.412222222222222,0.596111111111111,0.377777777777778,0.987777777777778,0.378888888888889,0.576666666666667,0.839166666666667,0.685,0.368888888888889,0.654613526570048
"Euclid + medoid",0.642222222222222,0.580555555555556,0.758888888888889,0.93,0.395,0.947777777777778,0.821111111111111,0.614444444444445,0.660555555555556,0.582777777777778,0.614444444444445,0.666111111111111,0.417777777777778,0.586666666666667,0.596111111111111,0.654444444444444,0.642222222222222,0.752777777777778,0.686666666666667,0.683888888888889,0.5,0.4725,0.509444444444444,0.639842995169082
"MFKmL-C + medoid",0.56,0.489444444444444,0.769444444444444,0.979166666666667,0.463888888888889,0.555,0.912222222222222,0.755,0.624444444444444,0.775,0.737222222222222,0.681666666666667,0.5,0.618333333333333,0.414444444444444,0.607777777777778,0.396666666666667,0.901666666666667,0.408333333333333,0.595555555555556,0.656666666666667,0.580833333333333,0.408333333333333,0.625700483091787
"MaxDepth-MBD",0.560555555555556,0.538333333333333,0.439444444444444,0.895833333333333,0.376666666666667,0.813888888888889,0.944444444444444,0.580555555555556,0.606111111111111,0.528333333333333,0.577222222222222,0.585555555555556,0.486111111111111,0.569444444444445,0.572222222222222,0.580555555555556,0.579444444444445,0.707777777777778,0.701111111111111,0.708888888888889,0.495833333333333,0.504166666666667,0.589444444444445,0.606171497584541
"DTW + DBA",0.526111111111111,0.47,0.705,1,0.432222222222222,0.698888888888889,0.882222222222222,0.602222222222222,0.474444444444444,0.465,0.608888888888889,0.717222222222222,0.592777777777778,0.543333333333333,0.388888888888889,0.606111111111111,0.465555555555556,0.757777777777778,0.396111111111111,0.523888888888889,0.801666666666667,0.8225,0.436111111111111,0.605084541062802
"NC-DBA",0.526111111111111,0.47,0.705,1,0.432222222222222,0.698888888888889,0.882222222222222,0.602222222222222,0.474444444444444,0.465,0.608888888888889,0.717222222222222,0.592777777777778,0.543333333333333,0.388888888888889,0.606111111111111,0.465555555555556,0.757777777777778,0.396111111111111,0.523888888888889,0.801666666666667,0.8225,0.436111111111111,0.605084541062802
"MaxDepth-MBD (w)",0.486111111111111,0.49,0.338888888888889,0.923333333333333,0.39,0.813333333333333,0.991111111111111,0.426111111111111,0.601111111111111,0.383888888888889,0.514444444444444,0.441666666666667,0.506666666666667,0.443888888888889,0.588888888888889,0.457777777777778,0.611666666666667,0.702777777777778,0.697777777777778,0.707777777777778,0.501666666666667,0.496666666666667,0.589444444444445,0.569782608695652
"MaxDepth-MFHD",0.333333333333333,0.333333333333333,0.659444444444445,0.790833333333333,0.329444444444444,0.659444444444444,0.333333333333333,0.333333333333333,0.333333333333333,0.333333333333333,0.333333333333333,0.333333333333333,0.333333333333333,0.481111111111111,0.49,0.378888888888889,0.373333333333333,0.333333333333333,0.522777777777778,0.544444444444444,0.5,0.586666666666667,0.463333333333333,0.43969806763285
